Date , Temperature_Anomaly,Source/Notes
188001,-0.16,
Feb-1880,-0.185,
Feb-1880,-0.185,
1880/03,-0.103,
1880.04,-0.026,
1880-05-01,-0.172,
Jun 1880,-0.189,
1880-07-01,-500,
Aug-1880,-0.157,
Sep 1880,-0.274,
1880/10,"-0,199",
11/1880,"-0,272",
1880/12,-0.253°C,NOAA
1881/01,-0.17,
Mar-1881,-0.282,
04/1881,-0.182,
05-1881,-0.224,
1881-06-01,-0.135,
July 1881,-0.257,
1881/08,-0.321,
1881 Sep,-0.109,
1881-10-01,-0.25,
Nov-1881,-0.219,
1881 Dec,-0.319,
January-1882,500,
188202,-0.144,
1882-03-01,-0.226,
1882/04,-0.096,
May-1882,-0.18,
1882-06-01,-0.173,
07/1882,-0.222,
Aug-1882,-0.05,
1882-09-01,-0.216,
10/1882,-0.306,
1882/11,-0.148,
1882/12,-0.292,
Jan-1883,-0.152,
Feb-1883,-0.299,
1883-03-01,-0.23,
188304,-0.1,
May-1883,-0.063,
May 1883,-0.063,
1883-06-01,-0.125,
1883/07,-0.173,
1883/08,-0.361,
1883/09,-0.473,
Oct-1883,-0.418,
1883-11-01,-0.39,
12-1883,-0.249,
01/1884,-0.331,
Feb 1884,-0.473,
1884.03,-0.287,
May-1884,-0.365,
1884 Jun,-0.28,
Aug 1884,-0.302,
09-1884,-0.461,
1884/10,-0.425,
1884-11-01,-0.366,
1884/12,-0.295,
1885/01,-0.186,
03/1885,-0.191,NOAA
Apr 1885,-0.191,
May 1885,-0.036,
1885/07,-0.148,
1885-08-01,-0.086,
188509,-0.155,
10-1885,-0.241,
188511,   ,
12-1885,-0.04,
Jan-1886,-0.14,
Feb 1886,0.014,
03-1886,-0.302,
04-1886,-0.019,sensor_B
May-1886,-0.083,
1886.06,-0.132,
July 1886,-0.124,
1886/08,-0.315,
09/1886,-0.191,note: calibration
1886-10-01,-0.151,
11/1886,-0.053,
12/1886,-0.194,
1887/01,-0.191,
February 1887,-0.141,
Mar-1887,-0.008°C,
Apr-1887,-0.048,
June 1887,-0.056,
1887-07-01,-0.113,
1887/08,-0.068,
September 1887,-0.219,
Oct-1887,-0.195,NOAA
Nov-1887,-0.192,
Dec-1887,-0.259,
1888-01-01,-0.092,
1888.02,-0.069,
March 1888,-0.071,
  1888/04 ,null,
May-1888,-0.182,sensor_B
June-1888,-0.12,
1888-07-01,-0.138,
August 1888,-0.199,
1888/09,500,
1888 Oct,-0.126,
Nov-1888,0,
1888-12-01,-0.117,
1889/01,-0.085,
1889-02-01,-0.086,
1889.03,-0.214,
Apr 1889,-0.055,
1889-05-01,-0.054,
1889-06-01,0.121,
Jul-1889,-0.116,
Aug-1889,-0.1,
Sep-1889,-0.145,
1889/10,-0.241,
1889/11,-0.049,
Dec-1889,-0.061,
1890 Jan,.,
02/1890,-0.142,
1890.03,0.062,NOAA
Apr-1890,-0.155,
1890 May,-0.001,
06-1890,0.11,
Jul-1890,-0.169,
August 1890,-0.159,
1890 Sep,-0.123,
1890-10-01,-0.177,
November 1890,-0.254°C,
1890 Dec,-0.105,
Jan-1891,-0.169,
Feb 1891,-0.021,
1891-03-01,-0.113,
1891.04,0.092,
May-1891,-0.1°C,
1891/06,-0.081,
1891 Jul,-0.014,
1891-08-01,500,
Sep-1891,-0.103,
1891/10,#N/A,
November 1891,-0.248,
Dec-1891,-0.085,
01/1892,-0.053,
  1892/02 ,0.014,
1892 Mar,-0.128,
Apr-1892,-0.127,
05-1892,#N/A,
Jun-1892,-0.021,
1892-07-01,-0.049,
08-1892,-0.065,
09/1892,NaN,
1892-10-01,-0.098,
Nov-1892,-0.085,
1892-12-01,-0.147,
Jan-1893,0.086,
1893/02,0,
1893-03-01,-0.114,
1893/04,0.042,
May-1893,-0.095,
0.034,Jul 1893,
1893/08,-0.148,
September 1893,-0.023,
October 1893,-0.073,
11-1893,-0.032,
December 1893,0.073,
1894-01-01,-0.073,
1894.02,-0.087,
Mar-1894,missing,
April 1894,-0.066,
  1894/05 ,-0.012,
1894.06,0.004,
1894.07,-0.026,
1895/04,0.049,
1896-04-01,0.051,
November 1898,-0.04,HadCRUT
1897-01-01,500,
09-1896,-0.04,
Jan-1898,-0.073,
  1898/02 ,-0.004,
05-1898,"0,221",
  1894/12 ,0.149,
1898/08,-0.159,
  1895/06 ,0.044°C,
1897.04,0.072,sensor_B
-0.131,1898-06-01,
Mar-1895,-0.083,
Aug-1897,0.05,
1897/10,-0.012,
Mar-1896,0.027,
1899-03-01,-0.014,
1898/10,0.034,
1894/10,0.021,
1898/12,-0.113,
1896/11,0.02,
  1896/01 ,-0.015,
Aug-1896,-0.142,
08/1895,-0.067,
1898/04,0.048,
Sep 1895,-0.147,
07/1898,0.049,
1897-03-01,0.065°C,HadCRUT
1895/01,"0,008",
12/1896,0.037,
1897-09-01,0.019,
1897-11-01,-0.081,
1898-03-01,--,
  1897/05 ,0.067,
07/1895,0.001,
1896 Jun,0.01°C,
  1897/07 ,0.029,
Sep-1894,-0.088,
1895-02-01,-0.085,
02/1896,-0.106,
1896/05,-0.056,
Oct-1896,-0.029,
May 1895,-0.014,
1895-11-01,-0.113,
February 1897,-0.071,
Sep-1898,-0.085,
1894 Aug,-0.006,
1899-02-01,0.08,
Dec-1897,0.024,
March 1899,-0.014,
1899-04-01,0.069,
Mar-01,-0.056,
1899.12,0.052,
-0.026,1901/10,
1903.02,0.019,
Jul-01,"0,061",
1903/03,0.092,HadCRUT
Mar-00,0.095,
10/1899,-0.028,
Jul-00,-0.023,
1902/09,0.088,
1899/07,0.176,
Nov-00,-0.125°C,
Apr-00,0.132,
Dec-01,-0.077,
Apr-02,-0.031,
06/1899,-0.023,
2/1/01,0.129,
1900 Jan,-0.053,
1905/10,0.004,
1903/04,0.063,
Dec-00,0.068,
Aug-1899,0.031,
  1905/08 ,NaN,
1903/01,0.057,
Nov-01,-0.273,
1901/08,0.064,
2/1/02,-0.043,
Mar-00,0.095,
Jul-02,0.152,
1899-05-01,0.05,
1/1/02,0.011,
  1900/06 ,500,
Sep-01,-0.09,
1899/09,-0.199,
Jun-01,-0.007,
1902/03,0.207,
May-03,0.097,
5/1/02,0.043,
Mar-05,0.167,
1901/05,500,
Feb-00,0.027,
Dec-02,0.053,
8/1/00,-0.061,
May-00,-0.039,note: calibration
Oct-02,-0.01,
1902/08,-0.103,
Sep-07,0.053,
1899-11-01,-0.088,
1902 Jun,0.071,
  1900/10 ,500,
Jan-01,0.19,
Sep-00,0.115,
Jul-07,0.088,
0.176,  1903/09 ,
1902 Nov,-0.082,
May-04,0.052,
Dec-06,0.225,HadCRUT
1/1/05,-999,
May-06,0.174,
Jan-06,0.139,
Jun-07,0.163,
8/1/06,0.044,
Apr-07,0.199,
May-05,0.108,
Mar-04,0.08,
Jul-03,0.174,
1906/04,0.127,
Jan-04,0.074,
1903.12,0.073,
Sep-04,0.088,sensor_A
May-07,0.18,
Jul-04,0.086,
Aug-04,-0.022,
1905/07,0.17,
0.078,1906/06,
Dec-05,0.135,
Sep-05,500,
Feb-05,0.044,
Nov-03,-0.005,
Mar-06,0.222,
Apr-05,0.164,
1903/08,-0.076,
1907 Jan,0.003,
Feb-06,0.164,
Oct-04,0.034,
0.088,7/1/07,
Feb-07,0.012,
Jun-05,0.101,
Nov-05,0.011,
1904.04,0.065,
9/1/06,0.044,
6/1/04,0.149,
10/1/06,0.078,
Feb-04,0.028,
Jun-03,0.124,
Nov-04,0.082,
1907 Aug,-0.007,
Dec-04,0.087,
Nov-06,-0.027,
Oct-07,-0.013,
11/1/07,0.127,
Dec-07,0.056,
190801,0.028°C,
1908/02,0.094,
Mar-08,0.172,
Apr-08,0.102,
May-08,500,
Jun-08,0.143,
Jul-08,0.119,
Aug-08,0.035,
0.02,1908 Sep,
Oct-08,0.07,
Nov-08,-0.056,
Dec-08,"-0,034",
Dec-08,"-0,034",
Jan-09,0.047,
Feb-09,0.113,sensor_B
Mar-09,.,
1909.04,,
5/1/09,0.22,
1909/06,0.121,
  1909/07 ,0.108,
1909/08,0.005,sensor_A
Sep-09,500,
10/1/09,0.039,
1909/11,0.096,
Dec-09,0.023,
1910/01,0.157,
1910/02,0.263,
1910/03,-500,
1910/04,0.2,
1910/05,0.217,
Jun-10,0.112,
Jul-10,0.138,
8/1/10,NA,
Sep-10,0.087,
10/1/10,0.011,NOAA
1910/11,0.082,
Dec-10,0.139,
1911/01,0.242,
1911/02,0.228,
Mar-11,0.343,
Apr-11,0.117,
1911.05,0.242,
Jun-11,0.17,
Jul-11,0.306,
1911.08,0.042°C,
Sep-11,0.022,
Oct-11,0.035,
-0.079,Nov-11,
Dec-11,0.068,
1/1/12,0.075,
Feb-12,0.174,
3/1/12,0.208,
Apr-12,0.339,
1912/05,0.259,
Jun-12,0.119,
1912/07,0.069,
1912/08,0.156,
  1912/09 ,-0.006,
1912 Oct,0.24,
Nov-12,0.196,
Dec-12,0.083,
Jan-13,0.009,
1913.02,0.281,
Mar-13,0.182,
Apr-13,0.298,
1913 May,0.066,
1913/06,0.128°C,
191307,0.152,
Aug-13,0.131,
1913/09,0.074,
Oct-13,-500,
Nov-13,0.027,
1/1/14,0.167,
Feb-14,0.224,
Mar-14,0.259,
Apr-14,N/A,
May-14,0.081,
6/1/14,0.289,
Jul-14,0.189,
Aug-14,0.078,
Sep-14,0.245,
Oct-14,0.124,
Nov-14,0.217,
1914.12,0.147,
Jan-15,0.332,
Feb-15,0.334,
Mar-15,0.193,
1915.04,0.298,
1915/05,0.266,
Jun-15,0.306,
1915.06,0.306,
Jul-15,0.096,
1915 Aug,0.204,
Sep-15,0.216,
10/1/15,-0.015,
11/1/15,0.038,sensor_A
Dec-15,-0.011,
1916/01,0.156,
1916/02,0.261,
1916/03,0.343,
4/1/16,0.237,
5/1/16,0.355,
1916/06,0.097,
  1916/07 ,0.047,
1916.08,0.155,
Oct-16,0.133,
-0.022,1916/11,
12/1/16,0.155,
Jan-17,0.084,NOAA
Feb-17,0.268,
1917/03,0.263,
5/1/17,0.194,
Jun-17,.,
1917/07,0.189,
1917.09,0.073,
Oct-17,999,
1917.11,0.112,
1917/12,0.11,
1918/01,   ,
Mar-18,0.2,
1918/04,0.156,
1918/05,0.403,
Jun-18,0.231,
Jul-18,0.148,
1918/08,0.197,
1918 Sep,0.154,
Oct-18,0.139,
11/1/18,0.214,
Dec-18,0.244,
Jan-19,0.167,
1919/02,0.189,
Mar-19,0.233,
1919/04,--,
May-19,0.135,
Jun-19,0.348,NOAA
Jul-19,0.346,
Aug-19,0.171,
10/1/19,0.192,
1919/11,0.421,
Dec-19,0.284,
Jan-20,0.21,
  1920/02 ,0.169,
3/1/20,0.137,
1920/04,0.289,
May-20,0.206,
1920/06,0.136,
192007,0.174,
Aug-20,0.115,
Sep-20,0.319,
1920/10,NA,
Nov-20,0.185,
Dec-20,500,
Jan-21,n/a,
Feb-21,0.187,
192103,0.397,
4/1/21,0.326,
1921/05,0.194,note: calibration
Jun-21,0.245,
1921/07,0.166,
Aug-21,-999,
9/1/21,0.268,
1921/11,0.084,
12/1/21,0.26,
Jan-22,0.189,
1922/02,0.228,
192203,0.239,
1922/04,0.225,
May-22,0.292,
Jun-22,0.204,
Jul-22,0.268,
Aug-22,0.218,
1922/09,0.186,
Oct-22,0.126,
1922 Nov,0.16,
1922/12,0.286,
Jan-23,0.292,
2/1/23,0.199,
Mar-23,0.304,
4/1/23,0.364,
May-23,0.165°C,
6/1/23,0.324,
Jul-23,0.204,
1923.08,0.278,
1923/09,0.154,
Oct-23,NaN,
11/1/23,0.087,
  1923/12 ,0.24,
  1924/01 ,0.283,
192402,-999,
1924.03,0.358,
4/1/24,0.182,HadCRUT
Feb-27,0.287,
Jan-27,999,
5/1/26,0.291,
Sep-28,0.282,
1925/09,0.266,
Apr-28,n/a,
3/1/27,0.176,
1927 Apr,0.265,
11/1/25,0.245,
1926/08,0.23,
Sep-24,0.157,
5/1/24,0.304,
Dec-25,0.245,
Jul-26,0.32,
1924/11,0.308,
Jul-28,0.36,
Jan-26,0.376,
9/1/26,0.27,
Sep-27,0.283,
Jul-27,0.3,
Apr-25,0.44,
Oct-26,0.407,
Apr-26,0.303,
  1928/01 ,0.323,
Aug-27,0.409,
Nov-26,500,
Feb-26,0.329,HadCRUT
1928/08,0.467,
Mar-26,0.355,
8/1/25,0.237,
Mar-25,0.36,
Oct-25,0.182,
May-27,NaN,
Dec-27,.,
1925/05,0.122,
1926.06,0.278,
Jan-25,0.339,
May-28,0.378,
1928.06,0.3,
12/1/24,0.2,
3/1/28,0.231,
7/1/25,0.324,
Feb-28,0.392,
Oct-27,   ,
8/1/24,0.247,
Oct-24,0.189,
Nov-27,0.325,
Jun-24,0.194,
Jul-24,0.215,
1925/06,0.238,
Oct-28,0.282,
Nov-28,0.233,
1928.12,0.221,
1929/01,0.381,
Feb-29,0.272,
1929/03,0.365,
1929 Apr,0.329,HadCRUT
May-29,0.4,
Jun-29,0.371,NOAA
Jul-29,0.403,
Aug-29,0.255,
9/1/29,N/A,
10/1/29,0.194,
1929/11,0.244,
1929/12,0.329,
Feb-30,0.277,
1930 Mar,0.44,
4/1/30,500,
1930/05,0.405,
193006,"0,505",
7/1/30,0.268,
Aug-30,0.207,
Sep-30,0.146,
10/1/30,-500,
11/1/30,0.343,
Dec-30,0.305,
Jan-31,0.358,
1931/02,0.271,
Mar-31,0.576,
4/1/31,0.398,
May-31,0.391,
Jun-31,0.423°C,
Jul-31,0.379°C,
1931/08,0.335,
Sep-31,N/A,
1931 Oct,0.331,
Nov-31,0.452,
12/1/31,0.428,
1/1/32,0.473,
Feb-32,0.331,NOAA
Mar-32,0.312,
1932/04,0.389,
May-32,0.397,
193206,0.463,
1932.07,0.216,
Aug-32,0.449,
Sep-32,0.297,
Oct-32,0.27,
11/1/32,0.23,
1932/12,0.198,
Jan-33,0.422,sensor_A
Feb-33,0.388,
3/1/33,0.298,
4/1/33,0.306,
Apr-33,0.306,
1933.05,0.376,
Jun-33,0.519,
Jul-33,0.341°C,
8/1/33,0.217,
Sep-33,0.301,
10/1/33,0.293,
1933/11,0.106,
193312,0.337,
1934.01,0.349,
Feb-34,0.449,
3/1/34,0.56,
Apr-34,0.51,
May-34,0.392,NOAA
  1934/06 ,0.308,
Jul-34,0.578,
Aug-34,0.353,
1934 Sep,0.332,
Oct-34,0.323,
  1934/11 ,0.348,
Dec-34,500,
1935/01,0.332,
2/1/35,0.36,
Mar-35,0.42,sensor_A
1935/04,0.387,
May-35,0.367,
Jun-35,0.415,sensor_B
  1935/07 ,0.362,
8/1/35,0.479,
Sep-35,0.129,
1935.1,0.423,
Nov-35,0.443,
12/1/35,0.196,
1/1/36,--,
0.384,Feb-36,
Mar-36,N/A,note: calibration
193604,0.378,
1936/05,0.346,
1936 Jun,0.558,
9/1/37,0.276,
Apr-39,0.464°C,
  1938/02 ,0.335,
  1936/08 ,0.471,
Feb-40,0.319°C,
1940.05,0.49,
Oct-40,0.326,
1940/04,0.542,
9/1/39,0.392,
Mar-39,0.481,
Nov-37,0.411,
Mar-40,0.367,
1939/02,0.581,sensor_B
1940/06,0.445,
Jan-37,0.301,
  1940/01 ,0.455,
1939/07,0.422,
Jul-40,0.437,
Dec-39,0.4,
6/1/38,0.522,
May-39,0.423,
Jun-39,0.481,
Jul-36,0.468,
1936/12,0.412,
Aug-38,0.277,
8/1/37,0.472,
Mar-38,0.528,
1938/04,0.447,
Dec-38,0.534,
Oct-38,0.415,
Oct-36,0.256,
1937/03,0.424,
8/1/40,0.439,
NA,1937/10,
Jan-39,0.253,
1939.11,"0,356",
8/1/39,0.489,
1938/07,0.358,
5/1/37,0.502,note: calibration
Nov-38,0.272,
Apr-37,0.421,
Dec-37,0.358,
1937 Feb,0.481,
11/1/36,0.311,
1938/05,0.414,
7/1/37,"0,375",
1939.1,0.389,
1936/09,0.409,
1940/09,0.351,
Sep-37,0.276,
Nov-40,0.411,
Dec-40,0.336,
Jan-41,0.473,
1941/02,0.33,
1941/03,0.568,
5/1/41,0.508°C,
Jun-41,0.548,
1941/07,0.579,
  1941/08 ,0.503,
Sep-41,0.257,
Oct-41,0.296,
1941/11,0.356,
Dec-41,0.427,
  1942/01 ,0.492,
2/1/42,0.419,
Mar-42,0.511,
1942/04,0.443,
5/1/42,0.449,
  1942/06 ,0.368,
7/1/42,0.382,
Aug-42,0.324,
9/1/42,0.337,
Oct-42,0.493,
1942/11,0.34,
12/1/42,0.646,
0.501,Jan-43,
Feb-43,0.502,
Mar-43,0.438°C,
Apr-43,--,
May-43,0.462,
Jun-43,0.501,
Jul-43,500,NOAA
Aug-43,0.435,
Sep-43,0.517,
10/1/43,0.363,
1943/11,0.424,
Dec-43,0.588,
1944 Jan,0.422,
Feb-44,0.643,
Mar-44,0.574,
4/1/44,0.48°C,
1944/05,--,
Jun-44,0.579,
Jul-44,0.527,
Sep-44,0.378,
10/1/44,0.41,
12/1/44,"0,506",
1945/01,0.497,
Feb-45,null,
Mar-45,0.558,
Apr-45,0.584,
1945/05,0.574,
6/1/45,0.598,
Jul-45,0.554,
Aug-45,0.5,
Sep-45,0.441,
Oct-45,0.307,
Nov-45,0.482,
1945/12,0.484,
Jan-46,.,
Feb-46,0.417,
Mar-46,0.452,
1946/04,0.63,
1946/05,0.537,sensor_B
1946/06,0.577,
Jul-46,0.501,
Aug-46,0.477,
194608,0.477,
1946/09,0.532,
Oct-46,0.41,
11/1/46,0.466,
12/1/46,0.441,
1947.01,0.469,
0.505,Feb-47,
3/1/47,0.566,
1947 Apr,0.518,
May-47,0.651,
Jun-47,0.461,
1947.07,0.494,
Aug-47,--,
Sep-47,.,
1947/10,0.477,
1947/11,500,
Dec-47,0.369,
Jan-48,0.535,
2/1/48,0.611,
1948/03,0.566,
1948/04,0.652,
May-48,0.519,
Jun-48,0.656,
Jul-48,0.703,
Aug-48,0.466,
Sep-48,0.442,
1948.1,0.588,
11/1/48,0.606,
1948 Dec,0.457,
Jan-49,0.491,
1949 Feb,0.528,
  1949/03 ,0.462,
Apr-49,0.504,
1949/05,0.491,
Jun-49,0.492,
Jul-49,0.527,
1949 Aug,0.524,HadCRUT
Sep-49,0.612,
Oct-49,0.403,
Nov-49,0.569,
Dec-49,0.492,
Jan-50,0.531,
Feb-50,0.615,
1950/03,0.49,
Apr-50,0.618,
Dec-52,0.684,
9/1/54,0.527,
1953 Apr,0.714,
Feb-54,0.692,
10/1/52,0.455,
5/1/53,0.815,
Aug-54,0.61,
Feb-51,0.666,
Jun-51,500,
Nov-51,0.635,
1950.09,0.448,
4/1/51,   ,
1953/07,0.533,
1950/11,0.451,
May-50,NA,
1952/08,0.473°C,
Sep-51,0.525,
11/1/52,0.519,
6/1/50,0.604,
Nov-53,0.579,HadCRUT
1952/07,0.547,sensor_B
1955.06,0.621,
1953/03,0.61,
1952/03,0.624,NOAA
1955.07,0.484,HadCRUT
0.631,1953/08,
Mar-55,"0,635",
Jun-54,0.7,
1953/10,0.672,
Jul-50,0.563,
1952/06,0.746,
Aug-50,0.713,
1951/10,0.382,
Oct-50,0.45,
Apr-55,0.742,
Feb-55,0.582,
Apr-54,0.67,
Mar-54,0.688,
Dec-53,0.522°C,
195204,500,
Sep-53,0.585,
Feb-53,0.61,
Oct-54,0.547,
Dec-51,0.674,
1951/03,0.704,
Jan-53,0.525,
5/1/55,0.65,
195101,0.495,
9/1/52,0.409,
  1951/07 ,"0,507",
Jan-54,0.624°C,
1954/07,0.693,
Jun-53,0.553,
  1955/01 ,0.617°C,
May-51,0.526°C,
1952 May,0.655,
1954/12,0.496,
Nov-54,0.639,
5/1/54,0.709,
Dec-50,999,
1955/08,0.628,
Sep-55,"0,603",
1955.1,0.718,
Nov-55,0.528,
12/1/55,0.59,
1956/01,0.618,sensor_B
Feb-56,0.75,
Mar-56,-999,
1956/04,0.673,
1956/05,0.693,
  1956/06 ,0.642,
Jul-56,0.568,
1956.09,0.648,
1956/10,0.474,
Nov-56,0.574,
12/1/56,0.527,
  1957/01 ,0.704,
Feb-57,0.513,
Mar-57,0.609,
1957/04,0.691,
1957/05,0.781,
6/1/57,0.633,
Jul-57,0.569,
8/1/57,0.74,
9/1/57,0.456,
1957/10,0.39,
1957/11,0.609,
Dec-57,0.553,
Jan-58,0.537,sensor_A
1958/02,0.702,
1958/03,0.684,
1958/04,0.626,
195806,0.718,
7/1/58,0.676,
Aug-58,0.592,
9/1/58,0.73,
Oct-58,0.491,
Nov-58,500,
Dec-58,0.548,
Jan-59,0.626,
Feb-59,0.675,
Mar-59,0.655,
4/1/59,0.71,
May-59,0.576,
Jun-59,0.774,
1959/07,0.628,
1959.08,0.7,
1959/09,0.621,
Oct-59,0.624,
Nov-59,0.641,
Dec-59,0.65,
1960 Jan,0.691,
Feb-60,0.772,
1960/03,0.701,
Apr-60,0.749,
May-60,0.68,
Jun-60,0.785,
Jul-60,0.591,
1960/08,#N/A,
1960/09,0.6,
1960 Oct,0.483,note: calibration
Nov-60,0.616,
12/1/60,0.57,
Jan-61,0.718,
Feb-61,0.624,
0.66,1961.03,
4/1/61,0.552,
May-61,0.661,
Jun-61,0.486,
Jul-61,-999,
1961/08,0.692,
  1961/09 ,0.677,
  1961/10 ,0.642,
196111,0.539,
Dec-61,0.631,
1962.01,0.661,
1962/02,NA,
Mar-62,0.826,
1962/04,0.784,
May-62,0.69,
1962/06,0.693,
1962/07,0.683,
Aug-62,0.479,
Sep-62,0.605,
Oct-62,0.564,
1962/11,-500,
  1962/12 ,0.623°C,
0.815,Jan-63,
Feb-63,0.749,
0.671,Mar-63,
1963/04,0.77,
1966/11,0.755,
Jun-66,0.615,
5/1/66,0.652,
Sep-66,0.801,
Oct-65,0.569,
1967/05,0.878,
1963/09,0.691,
11/1/65,0.637,
Dec-64,0.701,
4/1/64,0.75,
Jun-63,0.775,
1964.06,0.656,
Aug-64,0.679,
1967/02,0.81,
Dec-66,0.685,
1965.12,0.544,
Oct-63,0.661,
1964/03,0.832,
Jun-67,0.853,
1966/08,0.768,
196507,0.701°C,
1965/04,0.917,
1968/03,0.813,
11/1/64,0.622°C,
Jan-66,0.735,
1965 Jun,0.757,
Dec-63,0.707°C,
1963/05,0.83,
2/1/66,-500,
1963/11,"0,709",
9/1/65,0.705,
Jul-63,0.682,
Jul-66,0.726,
May-64,0.895,
0.683,Aug-65,
1967/08,0.726,
Sep-64,0.594,
1965/02,0.672,
Sep-67,0.717,
Oct-66,0.624,
Feb-68,0.844,
Jan-65,0.734,
Jan-68,0.722,
  1969/02 ,0.788,
3/1/67,0.811,
Sep-66,0.801,
4/1/69,0.825,
Apr-67,0.64,
12/1/67,0.644,
Jul-64,0.826,
Oct-68,0.592,
Dec-68,0.801,
10/1/67,0.692,
Jul-68,NaN,
Aug-68,0.566,NOAA
Jan-69,"0,697",
Jan-64,0.766,
May-68,0.833,
0.525,6/1/68,
Mar-69,0.776,
Mar-65,0.736,
Sep-68,0.659,
1964 Oct,0.601,
Feb-64,0.665,
5/1/65,0.878,
1968 Nov,0.586,
1968.04,0.747,
1967/07,0.669,
Apr-66,0.882,
Jan-67,500,
1963/08,0.601,
Nov-67,0.635,
May-69,0.787,
  1969/06 ,0.661,
7/1/69,0.819,
1969 Aug,0.676,
Sep-69,0.574,HadCRUT
Oct-69,0.658,
Nov-69,0.82,
Dec-69,0.787,
Dec-69,0.787,
Jan-70,0.717,
  1970/02 ,0.743,
1970/03,0.765,
Apr-70,0.965,
May-70,0.824,
  1970/06 ,0.81,
Jul-70,0.835,
8/1/70,0.748,
Sep-70,0.691,
1970/10,0.69,
Nov-70,0.708,
1970/12,0.73,
1/1/71,0.818,
Feb-71,0.79,
Mar-71,0.864,
1971 Apr,0.807,
May-71,0.814,
1971/06,500,
1971.08,0.771,
9/1/71,0.806,
Oct-71,0.489,
  1971/11 ,0.895,sensor_B
1971.12,0.737,
1972.01,0.863,sensor_A
Feb-72,0.717,
Mar-72,0.869,
Apr-72,0.743,
May-72,0.772,
Jun-72,0.958,
Jul-72,0.766,
Aug-72,0.775,
197209,0.81,
Oct-72,0.775,
Nov-72,0.755,
Dec-72,0.791,
Feb-73,0.81,sensor_A
Mar-73,0.85,
1973/04,0.926,
May-73,0.925,
Jun-73,"0,915",
1973/07,0.847,
Aug-73,0.681,
9/1/73,0.886,
Oct-73,0.658,
1973.11,0.781,
Dec-73,0.716,
1/1/74,0.798,
1974 Jan,0.798,
Feb-74,"0,856",
Apr-74,0.89,
1974/05,0.98,
Jun-74,500,
Jul-74,0.791,
Aug-74,0.864,
Sep-74,missing,
Oct-74,0.666,
1974 Nov,-500,sensor_B
Dec-74,0.847,
1/1/75,0.794,
1975/02,0.954,
3/1/75,0.851,
Apr-75,0.881,
May-75,0.852,
Jun-75,0.85,
1975/07,.,
8/1/75,0.686,
197508,0.686,
Sep-75,0.911,
Nov-75,0.707,
12/1/75,0.634,
1/1/76,0.781°C,
1976/02,0.752,
1.009,1976.03,
  1976/04 ,0.966,
May-76,0.825,
Jun-76,1.043,
Jul-76,0.918,
Aug-76,0.789,sensor_B
9/1/76,0.598,
1976/10,0.976,
Nov-76,0.69,
Dec-76,0.689,
1977/01,0.928,
1977/02,1.068,
Mar-77,1.003,HadCRUT
4/1/77,0.945,sensor_A
May-77,0.942,
Jun-77,0.946,
7/1/77,0.914,
Aug-77,0.852,
1977.09,0.821,
Oct-77,0.802,
Nov-77,"0,755",
Dec-77,0.812,
Jan-78,500,sensor_B
2/1/78,0.879,
3/1/78,0.828,
1978/04,0.826,
May-78,0.924,
1978.06,1.003,
Jul-78,0.942,
8/1/78,0.719,
  1978/09 ,,
1978/10,0.897,
11/1/78,0.751,
1978/12,0.831,
1979/01,0.92,
Feb-79,0.824,
Mar-79,0.93,
Apr-79,0.822,
5/1/79,0.876,
Jun-79,-999,
1979 Jul,500,
Aug-79,0.894,
Sep-79,0.84,
Oct-79,0.881,
Nov-79,0.862,
Dec-79,0.973,
Jan-80,0.9,
Feb-80,0.882,
1980 Mar,0.946,
Apr-80,0.987,sensor_B
1980/05,0.942,
Jun-80,missing,
1980/08,0.82°C,
Sep-80,0.744,
11/1/80,0.759,
Dec-80,0.823,
Jan-81,0.847,
Feb-81,1.002,HadCRUT
Mar-81,0.927,
Apr-81,1.058,NOAA
May-81,0.899,
6/1/81,0.958,
Jul-81,0.845,
1981.08,1.06,
1981/09,0.776,
1981/10,0.89,
1981/11,0.924,
Dec-81,0.926,
1982/01,0.904,
1982/02,0.935,
1982.03,0.968,
Apr-82,0.961,
1982/05,-999,
Jun-82,1.127,
7/1/82,0.882,
1982/08,0.793,
Oct-82,500,
  1982/11 ,0.823,
Dec-82,1.038,
1983/02,0.915,
Mar-83,1.025,
1983/04,1.117,
May-83,0.951,
Jun-83,"0,948",
1983.07,0.894,
8/1/83,missing,
1983/09,0.848,
1983/10,   ,
1983/11,0.905°C,
1983.12,0.86,
1984/01,0.967,
0.85,Feb-84,
198403,1.02,
4/1/84,1.068,
1984/05,0.837,
Jun-84,1.009,
Jul-84,1.053,
198712,null,
Oct-84,0.942,
198505,1.024,
1987.04,1.086,
Aug-86,0.936,
1987.01,0.929,
1987/12,null,
Aug-90,500,
Sep-85,0.87,
9/1/89,0.902,
11/1/87,0.967,
1988/08,0.929,
Oct-86,0.926,
Jan-86,0.89,
Jun-85,0.88,
Dec-85,1,
Dec-86,1.042,
Feb-86,0.978,
Jun-89,1.096,
Nov-86,1.002,
Mar-90,1.075,
Dec-84,0.932°C,
198411,0.86,
1990.07,500,
Sep-84,1.048,
  1985/04 ,0.942,
1990/10,"1,044",
Apr-86,1.042,
Mar-86,1.12,
7/1/86,1,
5/1/90,1.088,
Oct-85,1.022,
  1990/04 ,1.128,
Jun-86,1.04,
2/1/85,0.995,
1991/01,1.032,
Mar-85,1.051,
Aug-85,0.874,
1985/11,1.019,
1989/11,0.941,
1984/08,0.835,
Sep-86,0.954,sensor_B
1986/05,1.211,
1986/03,1.12,
2/1/90,1.104,
1/1/85,1.007,
Mar-88,1.073,
May-88,1.001,
1991/03,1.107,
Jul-85,0.961,note: calibration
Jul-89,1.029,
12/1/89,0.994,
Apr-89,"1,14",
Jun-87,0.85,
6/1/90,0.908,
Jul-87,1.03,
1988.1,0.895,
Aug-87,1.174,
Jun-88,1.116,
1988/02,1.009,
8/1/89,--,
Jan-88,1.08,
Jan-89,1.107,
  1988/09 ,1.015,
Feb-91,1.195,
5/1/89,1.18,
198804,1.085,
Mar-87,0.89,
1.121,Dec-90,
1987/09,0.957,
Jun-92,0.877,
Feb-87,0.911°C,
1991.09,0.879,
May-87,0.951,
Apr-92,0.992,
1991/10,0.861,
Jul-91,0.876,
Jul-88,0.999,
May-94,1.031,
Jun-96,1.075,
5/1/95,1.215,
Jan-93,1.035,
May-91,1.049,
10/1/93,1.027,
1989/10,0.957,sensor_A
Jan-92,0.94,
1992.11,0.787,
Aug-91,0.897,
1993/03,1.006,
Oct-87,1.019,
1991 Nov,0.903,
1995.11,1.113,
Jul-93,1.095,
Mar-92,0.705,
Sep-90,0.905°C,
Dec-88,0.994°C,
1992.1,0.886,
Mar-89,1.064,
4/1/93,1.147°C,
4/1/91,"1,076",
Jun-91,-999,
Feb-93,1.136,
11/1/93,-999,
Sep-92,0.874,
Oct-95,1.008,
Apr-96,1.19,
Nov-88,0.977,
2/1/95,1.095,sensor_A
1992/02,0.771,
Oct-90,"1,044",
Aug-92,NaN,
12/1/91,0.983,
1.138,1996/03,
Jul-92,NaN,
1994/01,1.058,
1993/12,0.992,
1990/01,1.04,
1993/05,,
Oct-94,missing,
1993/09,1.141,
1993.08,0.984,
Apr-95,1.113,
1992/12,0.645,
Mar-94,1.125,
1995.01,1.162,
Nov-94,1.013,
5/1/92,0.803,
Sep-95,1.076,
1995.12,1.042,
199306,1.156,
1994.02,1.048,
1994/04,1.284,
Aug-94,1.06,
Mar-95,1.326,
1996 Feb,--,
  1994/12 ,1.227,
5/1/96,1.062,
199303,1.006,
Aug-95,1.216,
1994/07,1.218,
Jul-95,1.219,
Jan-96,1.283,
1994/09,1.006,
  1994/06 ,0.995,
Jul-96,1.225,
Aug-96,1.053,
Sep-96,500,
10/1/96,1.126,
1996/11,1.186,
1996.12,1.168,
1999 Apr,1.284°C,
Mar-01,"1,285",
8/1/00,1.21,
May-99,1.282,
2000/01,1.233,
Feb-98,1.399,
Aug-99,1.172,
Sep-97,1.139,
1998.11,1.484,
6/1/97,1.147,
1/1/01,null,
Apr-97,1.31,
2000.11,1.173,
Jun-98,1.468,
5/1/98,1.442,
1/1/98,1.356,
1.271,1997 Oct,
Mar-98,1.519,
2000/06,1.159,
Dec-98,1.251,
1/1/97,1.216,
10/1/00,1.143,
1998/07,1.329,
1999/12,1.213,
Nov-99,1.174,
Mar-97,1.068,
Feb-97,#N/A,
Oct-98,1.155,
Jul-00,1.145,
Apr-98,1.445,
1997.11,1.054,HadCRUT
1999 Jan,1.148,
9/1/00,1.245,
2001 Apr,--,
3/1/99,500,
  1998/08 ,null,
12/1/97,1.199,
Jun-99,1.15,
7/1/97,1.25,
2000/02,1.3,
Sep-98,1.234,
7/1/99,1.159,
May-00,1.26,
Apr-00,1.13,
Aug-97,1.164,
1999/10,"1,255",
2000/03,1.24,
Dec-00,1.304,
2/1/01,1.429,
May-97,1.159,
5/1/01,1.303,
2001.06,1.256,
Jul-01,1.305,
8/1/01,1.232,
9/1/01,1.15,
Oct-01,1.057,
2001/11,999,
2001.12,1.115,
Jan-02,1.163,
Feb-02,1.282,
2002/04,1.294,
May-02,1.161,
2002/06,"1,276",note: calibration
2002/07,1.312,
2002/08,1.144,sensor_A
2002/09,1.165,
Oct-02,1.171,
11/1/02,1.115,
2002 Dec,1.249,
2003.01,1.214°C,
2003/02,1.283,
Mar-03,1.198,
Apr-03,1.242,
2003.05,1.329,
2003.06,1.225,
7/1/03,1.369,
Aug-03,1.175,note: calibration
9/1/03,1.208,
1.259,2003/10,
1.079,Nov-03,
Dec-03,1.071,
2004/01,1.116,sensor_A
Feb-04,1.365,
2004/03,1.24,
4/1/04,999,
200405,1.241,
2004/06,1.284,
Aug-04,1.382,
Sep-04,1.369,
Oct-04,NaN,
2004/11,1.289,
Dec-04,1.274,
Jan-05,1.315,
Feb-05,1.235,
3/1/05,1.233,
2005 Apr,1.306,
5/1/05,1.287,
6/1/05,1.247,
2005.07,1.315,
Aug-05,1.312,
2005/10,1.332,
2005/11,1.13,
2005/12,1.225,
1.21,Jan-06,
2006/02,1.144,
2006/03,1.306,
2006/04,1.311,
6/1/06,1.349,
2006/08,1.399,
2006/09,1.331,
200610,1.274,
Nov-06,500,
200612,1.179,
Jan-07,1.252,
2007/02,500,
2007/03,1.478,
2007/04,1.459,
2007/05,999,
Jun-07,1.223,
1.3,7/1/07,
Aug-07,1.123,
Sep-07,1.274,
10/1/07,1.231,
Nov-07,1.213,
Dec-07,1.142,
Jan-08,1.337,
Feb-08,1.28,
Mar-08,1.248,
Apr-08,1.12,
May-08,1.342,
Jun-08,1.469,
Jul-08,1.436,
2008 Aug,"1,243",
Sep-08,1.214,
Oct-08,1.294,
2008/11,1.185,
Dec-08,1.308,
Jan-09,1.372,
200902,1.435,
Mar-09,1.348,
Apr-09,#N/A,
2009/05,1.288,note: calibration
Jun-09,1.275,
Aug-09,1.323,
200909,1.35,
2009.1,1.207,
1.399,Nov-09,
12/1/09,1.277,
Jan-10,1.323,
Feb-10,1.291,
2010.03,1.177,
5/1/10,1.432,
Jun-10,1.334,
7/1/10,1.338,
8/1/10,1.35,
9/1/10,1.166,
Oct-10,1.244,
11/1/10,1.357,
12/1/10,1.213,
2011/01,1.363,
2011/02,1.257,
2011.03,1.423,
Apr-11,1.39,
5/1/11,1.258,
Jun-11,1.464,
2011/07,1.288,
Aug-11,1.258,
Sep-11,1.322,
Oct-11,1.392,
2011.11,1.227,
2011.12,1.333,
Jan-12,1.388,
Feb-12,999,
Mar-12,1.414°C,
Apr-12,1.378,
  2012/05 ,1.336°C,
Jun-12,999,
2012/07,1.275,
Aug-12,1.104,
Sep-12,1.355,
Oct-12,1.387°C,
  2012/11 ,1.134,
2012/12,1.262,
1/1/13,1.418,
Feb-13,1.559,
Mar-13,1.416,
Apr-13,1.364,
May-13,"1,402",
Jun-13,1.51,
Jul-13,1.324°C,
  2013/08 ,1.288,
Sep-13,1.296,
Oct-13,1.253,
11/1/13,1.347,
12/1/13,1.487,
Jan-14,1.409,
2014/02,1.389,
2014/03,1.405,
Apr-14,500,
May-14,1.502,
2014/06,"1,408",
Jul-14,1.376,
2014.08,1.622,
2014.09,1.373,
2014/10,"1,284",
Nov-14,1.318,
Dec-14,1.463,sensor_A
Jan-15,1.407,
Feb-15,1.309,
Feb-15,1.309,
3/1/15,1.517,
2015/04,1.398,NOAA
  2015/05 ,1.595,
Jun-15,1.515,
  2015/07 ,1.369,
Aug-15,1.483,
9/1/15,1.369,
Oct-15,1.427,
201511,1.405,
Dec-15,1.318,sensor_A
1/1/16,1.511,sensor_B
2/1/16,.,
2016/03,1.581,
  2016/04 ,1.583,
May-16,1.534,
2016/06,1.627,
Jul-16,1.734,
Aug-16,1.46,
1.53,2016/09,
10/1/16,-500,
11/1/16,1.524,
Dec-16,null,
2017/01,1.342,
Feb-17,1.487,
2017/03,1.457,
2017/04,-500,
May-17,1.57,
Jun-17,,
201708,1.436,
2017/10,1.359,
Nov-17,1.422,
2017.12,1.391,
2018/01,1.454,
201801,1.454,
2018.03,"1,406",
4/1/18,1.586,
5/1/18,1.595,
6/1/18,1.463,
2018/07,1.279,
Aug-18,1.376,
2018/09,1.511,
2018/10,1.4,
Nov-18,1.33,
2018/12,1.389,
Jan-19,1.523,
Feb-19,1.525,
2019.03,1.482,NOAA
Apr-19,1.48,
2019.05,1.472,
6/1/19,1.413,
Jul-19,1.592,
Aug-19,1.413,
Sep-19,1.519,
Oct-19,1.538,
Nov-19,500,
Dec-19,1.409,
Jan-20,1.502,
2/1/20,1.494,
2020/03,1.443,
Apr-20,"1,55",
May-20,1.424,
Jun-20,1.596,NOAA
Jul-20,1.44,sensor_B
Aug-20,1.47,
Sep-20,500,
2020/10,1.41,
Nov-20,1.486,sensor_B
2020/12,1.42,
1/1/21,1.554,sensor_B
2/1/21,1.403,
3/1/21,1.54,
4/1/21,1.693,
May-21,1.453,
6/1/21,1.461,
Aug-21,1.482,
  2021/09 ,1.479,HadCRUT
Oct-21,1.485,
Nov-21,1.504,
2021.12,1.562,
2022/01,1.532,
Feb-22,1.506,
1.599,Mar-22,
1.705,Apr-22,
5/1/22,"1,537",
6/1/22,1.452,
2022.07,1.595,
2022/08,1.473,
202209,999,
Oct-22,1.528,
2022 Nov,1.425,
2022/12,1.48,
Jan-23,1.72,
2023.02,500,NOAA
Mar-23,1.796,
Apr-23,1.712,
May-23,1.783,
2023/06,1.704,
2023/07,1.76,
Aug-23,1.726,
Sep-23,1.585,
Oct-23,1.741,
2023/11,1.619,
Dec-23,1.746°C,
Jan-24,1.757,
Feb-24,1.901,
Mar-24,1.756,
Apr-24,1.754°C,
2024.05,1.775,
Jun-24,1.735,
Jul-24,1.799,
9/1/24,1.61,
Oct-24,1.603,
2024/11,1.773,
2024 Dec,-500,
2025/01,1.534,
2/1/25,1.555,
Mar-25,1.594,
Apr-25,1.689,
May-25,1.516,
6/1/25,1.593,
7/1/25,1.628,
Aug-25,1.566,
Sep-25,.,
Oct-25,1.583,
,,
END OF DATA,,
,,
Source: NOAA / NASA GISS / HadCRUT5 (composite),,